hotel,hotel_slug,city,country,program,brand,subreddits,search_terms
Hyatt Hotel Canberra - A Park Hyatt Hotel,hyatt-hotel-canberra-a-park-hyatt-hotel,Canberra,Australia,World of Hyatt,Park Hyatt,"hyatt,awardtravel",Hyatt Hotel Canberra - A Park Hyatt Hotel
Palacio Duhau - Park Hyatt Buenos Aires,palacio-duhau-park-hyatt-buenos-aires,Buenos Aires,Argentina,World of Hyatt,Park Hyatt,"hyatt,awardtravel",Palacio Duhau - Park Hyatt Buenos Aires
Park Hyatt Auckland,park-hyatt-auckland,Auckland,New Zealand,World of Hyatt,Park Hyatt,"hyatt,awardtravel",Park Hyatt Auckland
Park Hyatt Aviara Resort,park-hyatt-aviara-resort,Carlsbad,United States,World of Hyatt,Park Hyatt,"hyatt,awardtravel",Park Hyatt Aviara Resort
Park Hyatt Beijing,park-hyatt-beijing,Beijing,China,World of Hyatt,Park Hyatt,"hyatt,awardtravel",Park Hyatt Beijing
Park Hyatt Busan,park-hyatt-busan,Busan,South Korea,World of Hyatt,Park Hyatt,"hyatt,awardtravel",Park Hyatt Busan
Park Hyatt Changbaishan,park-hyatt-changbaishan,Baishan,China,World of Hyatt,Park Hyatt,"hyatt,awardtravel",Park Hyatt Changbaishan
Park Hyatt Changsha,park-hyatt-changsha,Changsha,China,World of Hyatt,Park Hyatt,"hyatt,awardtravel",Park Hyatt Changsha
Park Hyatt Chennai,park-hyatt-chennai,Chennai,India,World of Hyatt,Park Hyatt,"hyatt,awardtravel",Park Hyatt Chennai
Park Hyatt Chicago,park-hyatt-chicago,Chicago,United States,World of Hyatt,Park Hyatt,"hyatt,awardtravel",Park Hyatt Chicago
Park Hyatt Doha,park-hyatt-doha,Doha,Qatar,World of Hyatt,Park Hyatt,"hyatt,awardtravel",Park Hyatt Doha
Park Hyatt Dubai,park-hyatt-dubai,Dubai,United Arab Emirates,World of Hyatt,Park Hyatt,"hyatt,awardtravel",Park Hyatt Dubai
Park Hyatt Hyderabad,park-hyatt-hyderabad,Hyderabad,India,World of Hyatt,Park Hyatt,"hyatt,awardtravel",Park Hyatt Hyderabad
Park Hyatt Istanbul - Macka Palas,park-hyatt-istanbul-macka-palas,Istanbul,Turkey,World of Hyatt,Park Hyatt,"hyatt,awardtravel",Park Hyatt Istanbul - Macka Palas
Park Hyatt Jakarta,park-hyatt-jakarta,Jakarta,Indonesia,World of Hyatt,Park Hyatt,"hyatt,awardtravel",Park Hyatt Jakarta
Park Hyatt Jeddah Marina Club and Spa,park-hyatt-jeddah-marina-club-and-spa,Jeddah,Saudi Arabia,World of Hyatt,Park Hyatt,"hyatt,awardtravel",Park Hyatt Jeddah Marina Club and Spa
Park Hyatt Johannesburg,park-hyatt-johannesburg,Johannesburg,South Africa,World of Hyatt,Park Hyatt,"hyatt,awardtravel",Park Hyatt Johannesburg
Park Hyatt Kuala Lumpur,park-hyatt-kuala-lumpur,Kuala Lumpur,Malaysia,World of Hyatt,Park Hyatt,"hyatt,awardtravel",Park Hyatt Kuala Lumpur
Park Hyatt Kyoto,park-hyatt-kyoto,Kyoto,Japan,World of Hyatt,Park Hyatt,"hyatt,awardtravel",Park Hyatt Kyoto
Park Hyatt London River Thames,park-hyatt-london-river-thames,London,United Kingdom,World of Hyatt,Park Hyatt,"hyatt,awardtravel",Park Hyatt London River Thames
Park Hyatt Melbourne,park-hyatt-melbourne,Melbourne,Australia,World of Hyatt,Park Hyatt,"hyatt,awardtravel",Park Hyatt Melbourne
Park Hyatt Mexico City Polanco,park-hyatt-mexico-city-polanco,Mexico City,Mexico,World of Hyatt,Park Hyatt,"hyatt,awardtravel",Park Hyatt Mexico City Polanco
Park Hyatt New York,park-hyatt-new-york,New York,United States,World of Hyatt,Park Hyatt,"hyatt,awardtravel",Park Hyatt New York
Park Hyatt Niseko Hanazono,park-hyatt-niseko-hanazono,Niseko,Japan,World of Hyatt,Park Hyatt,"hyatt,awardtravel",Park Hyatt Niseko Hanazono
Park Hyatt Paris-Vendome,park-hyatt-paris-vendome,Paris,France,World of Hyatt,Park Hyatt,"hyatt,awardtravel",Park Hyatt Paris-Vendome
Park Hyatt Phu Quoc,park-hyatt-phu-quoc,Phu Quoc,Vietnam,World of Hyatt,Park Hyatt,"hyatt,awardtravel",Park Hyatt Phu Quoc
Park Hyatt Saigon,park-hyatt-saigon,Ho Chi Minh City,Vietnam,World of Hyatt,Park Hyatt,"hyatt,awardtravel",Park Hyatt Saigon
Park Hyatt Seoul,park-hyatt-seoul,Seoul,South Korea,World of Hyatt,Park Hyatt,"hyatt,awardtravel",Park Hyatt Seoul
Park Hyatt Shanghai,park-hyatt-shanghai,Shanghai,China,World of Hyatt,Park Hyatt,"hyatt,awardtravel",Park Hyatt Shanghai
Park Hyatt Shenzhen,park-hyatt-shenzhen,Shenzhen,China,World of Hyatt,Park Hyatt,"hyatt,awardtravel",Park Hyatt Shenzhen
Park Hyatt Siem Reap,park-hyatt-siem-reap,Siem Reap,Cambodia,World of Hyatt,Park Hyatt,"hyatt,awardtravel",Park Hyatt Siem Reap
Park Hyatt St. Kitts,park-hyatt-st-kitts,Basseterre,Saint Kitts and Nevis,World of Hyatt,Park Hyatt,"hyatt,awardtravel",Park Hyatt St. Kitts
Park Hyatt Sydney,park-hyatt-sydney,Sydney,Australia,World of Hyatt,Park Hyatt,"hyatt,awardtravel",Park Hyatt Sydney
Park Hyatt Toronto,park-hyatt-toronto,Toronto,Canada,World of Hyatt,Park Hyatt,"hyatt,awardtravel",Park Hyatt Toronto
Park Hyatt Vienna,park-hyatt-vienna,Vienna,Austria,World of Hyatt,Park Hyatt,"hyatt,awardtravel",Park Hyatt Vienna
Park Hyatt Washington DC,park-hyatt-washington-dc,Washington,United States,World of Hyatt,Park Hyatt,"hyatt,awardtravel",Park Hyatt Washington DC
Park Hyatt Zanzibar,park-hyatt-zanzibar,Zanzibar,Tanzania,World of Hyatt,Park Hyatt,"hyatt,awardtravel",Park Hyatt Zanzibar
